index,code
1,7F37
2,MM5F
3,MT3C
4,CCFR
5,Q9MR
6,5TCT
7,C37F
8,AYC9
9,PY72
10,QQ7H
11,7P3F
12,KH42
13,KA99
14,5477
15,YR99
16,A3TR
17,3QYQ
18,5432
19,P5FQ
20,93K9
21,K2Q7
22,3T45
23,NHKH
24,NRHH
25,F7HN
26,75H9
27,CTT9
28,HN37
29,YAQ4
30,4NMP
31,T2CH
32,PMZR
33,933A
34,Q3TK
35,A33F
36,A2PR
37,RTT4
38,KM54
39,42NR
40,ZT3A
41,PPY3
42,59K3
43,2CZY
44,QQ53
45,7H9P
46,MCCQ
47,72KZ
48,R4Y9
49,ZT5N
50,5CCM
51,97HA
52,Q949
53,NRKP
54,NMMF
55,HHTR
56,HZHA
57,Z9MP
58,KYM3
59,5Q77
60,CYKA
61,HHFP
62,ZP59
63,3A35
64,ZN4A
65,CNRC
66,HTZ5
67,7FYP
68,ZAF4
69,Y3A9
70,T3CC
71,9PP7
72,7YKF
73,7Q3H
74,HCRR
75,N7FP
76,2F5Y
77,Z2K3
78,FPMC
79,MNPQ
80,CAYF
81,QRY2
82,N7RC
83,FKK3
84,HR2Q
85,YZRK
86,QY22
87,QNMC
88,9QCZ
89,P4HR
90,AHKP
91,AACK
92,HQ75
93,T3CC
94,2AMH
95,APHZ
96,74YP
97,TYKZ
98,9ANN
99,HY7Z
100,2RH2
101,7YKY
102,YZQA
103,PT3K
104,N2M9
105,H4AP
106,44KF
107,MH7A
108,HY5H
109,YR9R
110,5KRH
111,YNYZ
112,YNYZ
113,ZZFZ
114,HZPT
115,4ACP
116,N4HM
117,4K9A
118,MNAQ
119,AQCH
120,P9R3
121,NAC7
122,T3YA
123,HP5H
124,T9Z7
125,2QQF
126,MMFC
127,4KF9
128,QAC5
129,35QP
130,TZ23
131,N9TQ
132,ZZZR
133,YMA4
134,ATZY
135,NKAQ
136,FZYF
137,H9H9
138,A2TR
139,NHYY
140,RNPT
141,FQ93
142,R442
143,MRPT
144,57YK
145,3R2Q
146,3R3Z
147,F3TP
148,5K3P
149,7TAP
150,QRT4
151,5TRK
152,KRCA
153,RZKH
154,MARC
155,A5RC
156,2NQT
157,2RT3
158,QNTH
159,9TZA
160,79AZ
161,54PH
162,9CF9
163,5MZN
164,7PAQ
165,347F
166,5ZFF
167,Z4RF
168,QK3Q
169,HKR3
170,THZ9
171,NAT5
172,CC37
173,YYM3
174,2FH3
175,44F3
176,QZQM
177,HANZ
178,M9CN
179,3TR3
180,TYK9
181,2M24
182,5NH9
183,FH23
184,QMF5
185,53C2
186,AC3T
187,2Z2R
188,KKZC
189,HYH5
190,2NK3
191,2QHK
192,MCTR
193,RNQP
194,YHAC
195,MPZN
196,2RQ4
197,NCF2
198,2CKY
199,A7K5
200,RQ3A
201,39R2
202,ZMHZ
203,N4P4
204,RR9H
205,A2MN
206,77CP
207,YZT4
208,YP7A
209,H7F2
210,Q4ZN
211,AKPK
212,FNH4
213,KMC2
214,72H3
215,KA5F
216,29R7
217,3N5Z
218,TF4T
219,TM4M
220,5CCP
221,AA5F
222,9329
223,2Z52
224,TZ4M
225,K3QP
226,H7TR
227,5MHR
228,P24Y
229,MPYK
230,9HYN
231,C7CP
232,4P5Y
233,7Y99
234,FH5F
235,3Q5Z
236,FR7N
237,5NMA
238,HZF2
239,KQ3F
240,27K7
241,AANK
242,KF5K
243,949M
244,959N
245,RA3P
246,3KFK
247,PZ5Z
248,MTF4
249,3C4H
250,4CHM
251,HCCQ
252,74KT
253,N76K
254,Y7TH
255,FA29
256,NCYT
257,QMK7
258,AMCQ
259,KF9K
260,44Z9
261,ZMYQ
262,A39Q
263,KATF
264,CK2P
265,TK2Y
266,MPHQ
267,CZ7N
268,3FFY
269,9TQN
270,HRT7
271,A4MT
272,R4TT
273,PQ5K
274,PN54
275,TM9Q
276,TQHN
277,F9HM
278,5CPZ
279,ZR2C
280,NTA3
281,4R5Z
282,YK4M
283,PZT2
284,2532
285,M9C7
286,CKRC
287,PR9C
288,AHM5
289,A279
290,ZZ47
291,KAZC
292,QKFZ
293,5YAT
294,RM4F
295,MRAR
296,A9PR
297,YKPT
298,ARQC
299,PY2P
300,5FP9
301,5299
302,K2AH
303,KNZA
304,3YCH
305,TK9Q
306,TAHA
307,49Y3
308,ZQT2
309,92F5
310,QAF7
311,PQQ5
312,A7YK
313,AHTP
314,RFPC
315,2MH4
316,RC55
317,2MP7
318,37M5
319,79FR
320,RHCM
321,C72T
322,F5Q7
323,Y2M3
324,3QQM
325,2ATM
326,C9HA
327,Z7RP
328,TF7K
329,FH7C
330,Q3Q5
331,3PCR
332,KNH4
333,ZPM5
334,QY7A
335,N54K
336,PQMK
337,7Z2A
338,575N
339,K3YC
340,TY49
341,3A75
342,A4YA
343,AQNY
344,KAF5
345,7RCR
346,QR72
347,59Z4
348,93PR
349,3HN5
350,FYFF
351,79T5
352,4CQK
353,FZFT
354,YZ9T
355,72Q4
356,C9M2
357,FRRC
358,H259
359,9QAN
360,FHF9
361,T9FZ
362,YTM3
363,T5N2
364,M24Q
365,7459
366,3CK9
367,PZ4H
368,MZQ4
369,24NY
370,5RPH
371,AKZK
372,Z3NF
373,TFRP
374,392Q
375,RM2R
376,4HTN
377,39MM
378,3A4C
379,YRCK
380,2K3T
381,KTQ9
382,YPT3
383,KQYH
384,KFCC
385,A9CF
386,RKH2
387,AP9Q
388,MKKK
389,MKZ2
390,7R5M
391,RQ2T
392,23N4
393,72NH
394,KR94
395,Q2NC
396,AQR3
397,2QA5
398,5Y52
399,5RQ4
400,NFN7
401,9KY2
402,RKQ7
403,T73P
404,999N
405,4ZHR
406,M2P3
407,4AQ7
408,PFZC
409,7R9H
410,KYF4
411,RMR2
412,9T4Q
413,57R9
414,A44T
415,MTMK
416,AAPP
417,5P9P
418,NRAT
419,T44H
420,3C3R
421,2ZM9
422,92CA
423,44R4
424,KTYY
425,CQK7
426,CNTK
427,24ZY
428,FH7N
429,4AAK
430,TT3Q
431,QT44
432,MRPZ
433,RRPY
434,P7N4
435,P4PY
436,YNQP
437,KN52
438,AHHH
439,FHFH
440,AN9M
441,NC9N
442,HRZY
443,M4PA
444,2K9C
445,PYM2
446,922R
447,KCHP
448,FN2K
449,2PY3
450,MF4Y
451,MQN3
452,59HC
453,RFY3
454,KR7Q
455,9K4F
456,3HN5
457,AANY
458,YHCZ
459,7ZPM
460,HN34
461,RNYA
462,QA4F
463,M5PF
464,A7K5
465,3HZ3
466,2N7M
467,MZMH
468,35AT
469,KY5H
470,5C32
471,HZ7P
472,32TF
473,A93Q
474,22NF
475,N4CM
476,YHYN
477,T5M4
478,AMQR
479,CH3A
480,FRYA
481,KKPR
482,73FT
483,Y4F5
484,NZ4Y
485,43CC
486,4AFR
487,TH7Z
488,Q9NA
489,4PPM
490,3R3R
491,MFH3
492,5MKC
493,9ZZM
494,47Y9
495,CNRY
496,MZKA
497,TMRK
498,RYFT
499,RCHT
500,H2KZ
501,P7M5
502,2T97
503,H47N
504,PQYP
505,NP3R
506,Q4QR
507,Y5YA
508,N93N
509,Z54H
510,5NKA
511,PPR3
512,P7RF
513,9N23
514,9TFH
515,YM5K
516,TF4P
517,Q97C
518,CCYH
519,Y935
520,354A
521,3TTK
522,4HA4
523,QPAA
524,9CCP
525,T22T
526,ZNCQ
527,7TT5
528,CCCP
529,RCKZ
530,Z7FK
531,RCTM
532,2RKZ
533,MMKF
534,N9PT
535,FKT4
536,QCTR
537,FCPR
538,9R72
539,RHAN
540,2F7T
541,4MYZ
542,4TZF
543,4CNT
544,CMQ5
545,PFYA
546,5C2Y
547,A5PH
548,3P9H
549,YTKM
550,N4NZ
551,5AQM
552,Q35H
553,NQ93
554,QPMT
555,2Y52
556,YZFF
557,7Z3F
558,4FH7
559,5HP3
560,55P7
561,5T7R
562,HAFN
563,QC57
564,9KFT
565,9AQN
566,AQTT
567,K4M7
568,CYH4
569,72KP
570,7MYT
571,AH7R
572,T3T2
573,Q249
574,P72K
575,72YY
576,729N
577,4FNF
578,FH25
579,F2NY
580,ATFQ
581,3HA9
582,9Y4R
583,3PQT
584,CN73
585,RAK5
586,TN3T
587,5FP3
588,NKNF
589,H3YT
590,C559
591,NAY5
592,37N2
593,5H7Q
594,527R
595,FNKF
596,34QF
597,2YC5
598,CNT9
599,Q4QQ
600,R2ZH
601,T5AK
602,ZN72
603,FRZH
604,NN5Y
605,547C
606,PPYZ
607,A3Z3
608,MPNN
609,PNMM
610,57ZY
611,RYZ4
612,CY3T
613,PC9A
614,2CT7
615,RNTP
616,ZH3F
617,Q3NT
618,9K52
619,KQZ2
620,FZKF
621,QKPY
622,HAQP
623,Y4NH
624,HHH3
625,KP5M
626,4TF4
627,C73R
628,CFYN
629,HQHT
630,H9CY
631,C7F4
632,5KPR
633,MNMQ
634,2QTY
635,7MNP
636,MR5P
637,FHAH
638,TH9Y
639,3FM4
640,CN4K
641,7MKR
642,P4R2
643,QZHN
644,KFFK
645,YRN9
646,NQCY
647,3QYZ
648,33FN
649,CAHK
650,2Q4P
651,C5K2
652,3KH5
653,H3RC
654,QZCA
655,TARN
656,K9RN
657,22PR
658,CZCQ
659,THC2
660,5A3M
661,FZR4
662,55HH
663,MP7P
664,NMRY
665,P5Y4
666,4YN9
667,NA9Y
668,2QZH
669,AYQQ
670,HP52
671,ZK9T
672,TAPK
673,55C5
674,C272
675,CC9C
676,33TQ
677,Y23F
678,KN74
679,APPK
680,25AQ
681,MF9K
682,7A7T
683,2PAN
684,TRAP
685,AK2H
686,M5R5
687,2HYT
688,F4HM
689,K7KP
690,MKQQ
691,YHT7
692,NMTR
693,FHAA
694,5345
695,22TT
696,3C5Z
697,43FK
698,544P
699,QAY4
700,27KM
701,ZP9Z
702,95MC
703,P4M5
704,3FY7
705,KN2H
706,KH2K
707,RQH9
708,7YZK
709,5YA7
710,K4HK
711,99KH
712,RRN7
713,RMTR
714,YZKH
715,KCCF
716,7P54
717,A4Z9
718,94KZ
719,T4HM
720,3QA7
721,N4RR
722,M7MT
723,7RQZ
724,2HZK
725,P342
726,HNQQ
727,5RTM
728,TAPN
729,4N7P
730,25PC
731,N7RK
732,PY9T
733,HCMY
734,2C45
735,N5YY
736,NZTC
737,PKH5
738,NA2F
739,Q9ZK
740,94C2
741,M7QP
742,AARY
743,A4Q2
744,CCZM
745,4PQT
746,9473
747,3M4Z
748,MPQ3
749,4YAQ
750,RYAQ
751,P72K
752,9KYF
753,3TAQ
754,AH5K
755,TH4P
756,NA34
757,5QZM
758,QKCZ
759,PN3T
760,Y2P5
761,5NPA
762,HTZQ
763,FA35
764,HZFR
765,2Z2N
766,7P7N
767,3RHR
768,C5TN
769,7C2T
770,AAHH
771,C7KN
772,PT7Y
773,5244
774,9KKT
775,Y9QZ
776,74Q9
777,NHQM
778,5KF4
779,FR2R
780,AY9Z
781,3HNY
782,4NTC
783,HAPP
784,T53F
785,K25Y
786,NZ42
787,PNHT
788,FCHQ
789,YNR9
790,T2H5
791,F9F4
792,Z5Q2
793,HZYR
794,C2MK
795,2KM5
796,MFCZ
797,M943
798,HRAC
799,ZNZQ
800,TYN9
801,F54A
802,T3CY
803,334M
804,PRZ7
805,F44Q
806,HFZ9
807,TTTK
808,495F
809,H3HM
810,955R
811,9CC3
812,NM52
813,QHR2
814,4YT2
815,Q7H2
816,KP2Z
817,2QYQ
818,HQ7K
819,3T9C
820,C73R
821,P374
822,H3C5
823,5CNM
824,7QM5
825,FA7Y
826,7HM4
827,Q72Y
828,FCR3
829,MQN7
830,QK3H
831,H5CN
832,4HT4
833,4HCQ
834,9HN2
835,Z5TT
836,RP9A
837,TN5F
838,YHCP
839,93ZQ
840,MCTR
841,HZKF
842,QFN9
843,NYFR
844,YCNT
845,TAR7
846,RC7P
847,2FQ2
848,CKZC
849,QPQZ
850,FZY5
851,QPN5
852,THFP
853,KQM2
854,FYK3
855,Y5FC
856,3K77
857,FT3Y
858,2RRM
859,4CCR
860,7N4K
861,YQ92
862,PY4A
863,725T
864,ZF39
865,NQNZ
866,P3C4
867,M4ZH
868,2TNK
869,PTHM
870,N325
871,45ZT
872,KKRM
873,5CHY
874,24KR
875,MCZQ
876,9ZYA
877,RAZM
878,CP3H
879,PYCZ
880,4PZC
881,TTNY
882,RCZ5
883,PMQF
884,PRR4
885,32YC
886,2TCR
887,2HRZ
888,KH99
889,Y5FH
890,23KC
891,CTZ3
892,M3Q4
893,3A34
894,KZ47
895,ZMQR
896,Y34A
897,C4HC
898,N944
899,7P59
900,PCTC
901,CFF7
902,Z5CA
903,7ZY5
904,752K
905,7NKF
906,A4ZA
907,3YA5
908,KHN5
909,FRYM
910,KT22
911,CQ3F
912,9QCP
913,7TPA
914,MH9N
915,CHCY
916,CY4M
917,T5T4
918,FPRZ
919,52NP
920,9YRA
921,ZP9H
922,YC23
923,2Q4Q
924,37H9
925,4PYC
926,2RQ9
927,YQ5T
928,2PP2
929,FNFR
930,95HQ
931,Z73R
932,7M4C
933,7TA7
934,MCF4
935,P73N
936,PPTR
937,H54Q
938,2CC4
939,YYZT
940,PTQ2
941,QFKT
942,9YQ5
943,AN7M
944,779F
945,H3KP
946,9Q2F
947,4NHY
948,Y572
949,ZM34
950,P3QY
951,CPH4
952,KFQ9
953,5KTM
954,ZANC
955,5Z2M
956,55CZ
957,KZAZ
958,27Y2
959,R527
960,KPPF
961,Y59M
962,FTAF
963,KQYP
964,HKNC
965,3PC4
966,CYF3
967,2C5N
968,ZAMQ
969,YN3T
970,Y4TY
971,FC34
972,CP7C
973,H975
974,QQ4A
975,TQT3
976,2Q3K
977,R3C5
978,ZCH5
979,24PT
980,Y4RA
981,TYK2
982,MPP9
983,YKP2
984,Q442
985,TC9P
986,CF3T
987,HPMP
988,N34M
989,ACNT
990,Y3KP
991,3Q2Q
992,FH42
993,TC34
994,5AKZ
995,AKNQ
996,M95Q
997,2H5R
998,KPPF
999,YZYC
1000,QFQA
1001,RZQT
1002,ZYMR
1003,PAPZ
1004,PZ49
1005,F75M
1006,QR2N
1007,N9QY
1008,7FKN
1009,3Q23
1010,PM7H
1011,5T7H
1012,4KAK
1013,KM5H
1014,HFYM
1015,KARK
1016,PFPK
1017,FCCR
1018,RZNN
1019,C77Z
1020,Y7RF
1021,PHFQ
1022,ZKNP
1023,YZHK
1024,5HQ5
1025,4N2K
1026,FPQ4
1027,P9FQ
1028,M5ZH
1029,CMFF
1030,F4C5
1031,F4Q5
1032,7KQA
1033,ZKMF
1034,KTHC
1035,TKK3
1036,7553
1037,F9CP
1038,7FTZ
1039,CNQZ
1040,K7Z5
1041,34R2
1042,3NPR
1043,HN5Q
1044,4HK4
1045,CHYZ
1046,MYFT
1047,YYCN
1048,73Q9
1049,9FR9
1050,7Q4P
1051,4A4F
1052,C3T4
1053,QHFK
1054,Z2QM
1055,ARTF
1056,HCNF
1057,YKKY
1058,A572
1059,9PQF
1060,R4R2
1061,KYN5
1062,TKNK
1063,TMRH
1064,A4N9
1065,2CP5
1066,39AY
1067,9QCN
1068,FTFM
1069,PAKC
1070,QKYM
1071,RCFR
1072,QHKP
1073,CH7Z
1074,Q9MH
1075,3KR5
1076,NFPN
1077,7KFC
1078,QNR5
1079,37FK
1080,9KYQ
1081,3Z9H
1082,5H44
1083,C453
1084,KNCY
1085,4F79
1086,2K7C
1087,HRRH
1088,HQFM
1089,AZRM
1090,4F9Z
1091,MPMK
1092,MPYA
1093,QPCA
1094,75P7
1095,7RQC
1096,PR4Q
1097,5ZQH
1098,27K5
1099,R95T
1100,QZC3
1101,M2M5
1102,52FM
1103,RF5A
1104,CMK5
1105,ATK3
1106,FR9N
1107,N7N5
1108,KH2T
1109,ZN4K
1110,FKZM
1111,7Q7A
1112,FRMK
1113,7YHP
1114,ZTYY
1115,27AK
1116,7NNY
1117,T3ZT
1118,PHCF
1119,NPQ9
1120,YH3Q
1121,R3AK
1122,3Z7K
1123,T3NF
1124,2R7K
1125,44RR
1126,K524
1127,NCFZ
1128,K73A
1129,ZCP2
1130,NC4Y
1131,ACT9
1132,NMZM
1133,3FMF
1134,R4HZ
1135,7YTK
1136,3MMY
1137,3PH5
1138,334Q
1139,NZ73
1140,CQCY
1141,T5PZ
1142,2Y29
1143,7CH3
1144,APQC
1145,2KNM
1146,KY5F
1147,TRZA
1148,YQ2H
1149,MM7R
1150,NYN4
1151,H3Z4
1152,4KFQ
1153,3MQK
1154,MT5C
1155,FC5A
1156,ZHYA
1157,PF32
1158,FFR2
1159,NY7C
1160,99MZ
1161,A4Q5
1162,7KY5
1163,25AH
1164,2FZA
1165,HYZQ
1166,FQRR
1167,2Q3N
1168,2ZFT
1169,RR42
1170,AZN4
1171,F9AH
1172,ZMN9
1173,AQQ5
1174,M2PH
1175,RHCZ
1176,5HR2
1177,9Y7Z
1178,TACK
1179,QTHR
1180,HCKC
1181,3NRF
1182,KFTZ
1183,2N5C
1184,53CF
1185,FN2H
1186,32QA
1187,QNQF
1188,MNFA
1189,PP7Y
1190,2C5N
1191,Y2MM
1192,AAPK
1193,R3KC
1194,2923
1195,MQHH
1196,N7KT
1197,MQ74
1198,2CYH
1199,F2NN
1200,C7RA
1201,HKRP
1202,9RTK
1203,4Q75
1204,PHZZ
1205,5R3M
1206,Y4ZY
1207,Y5CF
1208,ZCRZ
1209,NCMY
1210,A2K7
1211,M72M
1212,Y49N
1213,KAZR
1214,KTCZ
1215,9RA3
1216,QZK2
1217,TA52
1218,HMA2
1219,4YTQ
1220,ZCPA
1221,MP3T
1222,CZ4M
1223,Z7P9
1224,AZMK
1225,C22R
1226,KQ5P
1227,RM7R
1228,C7F4
1229,5KZA
1230,FHMN
1231,5YNR
1232,PCPQ
1233,RM5Y
1234,ZYK4
1235,Q32M
1236,MTP4
1237,5RC5
1238,7975
1239,N7H9
1240,4ZYT
1241,94Z7
1242,YQK4
1243,NF5F
1244,9T9C
1245,AMMQ
1246,A545
1247,RM2F
1248,Z9HR
1249,TAZ9
1250,7P2Z
1251,Z4FZ
1252,MA9F
1253,34QY
1254,QTAN
1255,RZYM
1256,7NAZ
1257,RMMZ
1258,A2K9
1259,KH4M
1260,YKC4
1261,7TAY
1262,3PZ5
1263,4TK3
1264,CNKY
1265,CCZR
1266,P5YT
1267,MATF
1268,9K7H
1269,7QT7
1270,2QQA
1271,CC4Z
1272,FZQM
1273,YFMF
1274,FT7C
1275,23K3
1276,TPF7
1277,7PFA
1278,5A55
1279,4Q52
1280,4NNZ
1281,Z449
1282,K7PP
1283,A77Z
1284,NHC9
1285,79KF
1286,79PM
1287,TFZC
1288,5AZT
1289,55PK
1290,TYAZ
1291,32MQ
1292,CC3C
1293,H5CA
1294,FA4F
1295,4F7H
1296,H7Z4
1297,PRYK
1298,3233
1299,QNRN
1300,RRCK
1301,YTFP
1302,2TRY
1303,4TQ4
1304,9PKN
1305,CFK7
1306,ZAM7
1307,4933
1308,RH3M
1309,TR74
1310,NKAH
1311,3ANR
1312,9YNP
1313,NKZR
1314,HYM7
1315,94HF
1316,Z7AQ
1317,7NMY
1318,9PZM
1319,T2R7
1320,2NRQ
1321,CZK3
1322,P3YZ
1323,5Y5A
1324,T77Q
1325,37H7
1326,RRPN
1327,H4QR
1328,A4NN
1329,MNY5
1330,7PY9
1331,NY77
1332,Z49K
1333,ZQZF
1334,9P7Q
1335,97A5
1336,THP3
1337,KZFF
1338,ZNHH
1339,ZZPP
1340,NCFH
1341,593C
1342,NCYZ
1343,RKZP
1344,HNF7
1345,H3H7
1346,RFQR
1347,5Y7Y
1348,FA9K
1349,T7A5
1350,NZR9
1351,Y5PA
1352,RP4H
1353,27ZM
1354,K542
1355,QHKC
1356,CQCP
1357,C434
1358,2HMC
1359,T442
1360,HM2F
1361,C9Q2
1362,MY7K
1363,45T9
1364,M7AM
1365,3HKP
1366,4324
1367,PHP5
1368,5TM4
1369,2C5Y
1370,9HF5
1371,CZCQ
1372,HP4C
1373,KTZR
1374,R5QN
1375,3C2H
1376,NTYK
1377,3FZA
1378,CCHT
1379,FQYH
1380,Z93A
1381,H925
1382,2R9C
1383,MH39
1384,5QZ7
1385,7KTC
1386,332R
1387,CA5M
1388,332N
1389,HKHR
1390,CF9T
1391,KHMC
1392,Z27Y
1393,7P4F
1394,R7PF
1395,7MFM
1396,AYQY
1397,RMTK
1398,QF5Q
1399,KMF3
1400,Y4MP
1401,C7R5
1402,QC5P
1403,PFKN
1404,9CYZ
1405,PFAY
1406,QN94
1407,94A9
1408,P9MY
1409,MQZH
1410,2QMY
1411,Z5HM
1412,KMAC
1413,3AKR
1414,74QY
1415,YZCH
1416,F97T
1417,CC9P
1418,ATR5
1419,AHNM
1420,323A
1421,YF5Y
1422,425T
1423,NMZ2
1424,NANR
1425,7PYR
1426,95CA
1427,ZZTC
1428,NZA4
1429,4Z4K
1430,QCTR
1431,AF4N
1432,PKF4
1433,5TZM
1434,4TT9
1435,NFMZ
1436,T5HM
1437,QCQK
1438,KTTN
1439,Y7CF
1440,CRHA
1441,NYZM
1442,943M
1443,H3YY
1444,TFKH
1445,P3QZ
1446,PQ5Q
1447,3ARA
1448,3CRY
1449,ZH3A
1450,Y4MC
1451,R2Y9
1452,5MQR
1453,K4FK
1454,RA37
1455,PYP5
1456,PN9H
1457,KZN3
1458,P2KF
1459,2HPA
1460,5MF4
1461,3Q3C
1462,Z9R5
1463,RQMH
1464,YPZF
1465,RFQC
1466,29HY
1467,PQR2
1468,CY4H
1469,T59H
1470,23C7
1471,RZ33
1472,AKR4
1473,54NZ
1474,ZKN4
1475,R394
1476,K3R2
1477,77TR
1478,TCRM
1479,FPNF
1480,CRQ7
1481,AC7P
1482,CY92
1483,R72N
1484,7PTN
1485,37NY
1486,KQ3M
1487,QQZ7
1488,QHP5
1489,5Q5T
1490,3NQM
1491,RTRQ
1492,P9Z2
1493,Y3Y5
1494,CNYP
1495,A4TR
1496,AN37
1497,4ZCA
1498,TRF4
1499,9P23
1500,23YT
1501,4Z4Z
1502,55T7
1503,AH7A
1504,NZY7
1505,3NMK
1506,TMR3
1507,TQ7R
1508,M27H
1509,ZR9Y
1510,427R
1511,YPAC
1512,952F
1513,274K
1514,NMZM
1515,CMQ5
1516,T4YT
1517,YZ9Z
1518,32PR
1519,42H5
1520,PH5H
1521,2PMZ
1522,NNFQ
1523,4AAN
1524,MN49
1525,NYC3
1526,HFFQ
1527,N7NQ
1528,4PTZ
1529,5CFY
1530,AQZA
1531,5NHK
1532,H74P
1533,CM42
1534,9FQ9
1535,R9MM
1536,44MC
1537,72KY
1538,HFZQ
1539,NRAP
1540,ZFCK
1541,C79M
1542,39P3
1543,CCTK
1544,5AF3
1545,7H3P
1546,H7R2
1547,FA54
1548,TTK4
1549,4K7F
1550,99MM
1551,MPRA
1552,QPY3
1553,2PH3
1554,T57Z
1555,7QCF
1556,KTM4
1557,C393
1558,N4TM
1559,73QK
1560,TQC2
1561,C4AZ
1562,5TF7
1563,4MMQ
1564,PCKZ
1565,KZP3
1566,M434
1567,A57Z
1568,P3NP
1569,TAMM
1570,572N
1571,3MYH
1572,ZKTT
1573,7M94
1574,HQZ7
1575,235M
1576,9F4H
1577,TQQY
1578,KZY9
1579,NZH9
1580,HQ5N
1581,P5HQ
1582,T75A
1583,2PQ9
1584,3A59
1585,FH33
1586,A5Z5
1587,2A4A
1588,KZ3T
1589,FNAH
1590,CFFA
1591,544K
1592,A2AM
1593,97K2
1594,QR5T
1595,Y9MK
1596,R52Z
1597,TMHN
1598,KFHQ
1599,4ARY
1600,HQK7
1601,R47F
1602,FQ32
1603,9FCC
1604,FN5Q
1605,ZQPP
1606,KYYC
1607,7ZFM
1608,CPCR
1609,ZZHQ
1610,2PYY
1611,373T
1612,Q57A
1613,K224
1614,72KA
1615,CHCM
1616,FPQ5
1617,MQHT
1618,HHMN
1619,KHHR
1620,KHA5
1621,CZZ3
1622,F2NN
1623,25RH
1624,9Q9N
1625,HAQR
1626,7YTY
1627,QCYA
1628,FTM9
1629,2Z2Y
1630,P5CP
1631,NKZ2
1632,PZR5
1633,YP52
1634,PKNT
1635,2TKN
1636,TY4M
1637,YZMA
1638,YH79
1639,ZA2A
1640,R2MN
1641,T25K
1642,HA2Q
1643,YRAM
1644,ZRH3
1645,535H
1646,TAP7
1647,9FNR
1648,H55R
1649,RQCM
1650,2YAP
1651,ZYK7
1652,Y22T
1653,99RQ
1654,Z2QM
1655,M95M
1656,Z4PK
1657,MFP9
1658,Y44H
1659,9CMR
1660,9RY2
1661,2QYH
1662,A4C5
1663,7YMY
1664,3Z9Z
1665,N5HM
1666,AMZN
1667,7C97
1668,4FQN
1669,TRFH
1670,25KF
1671,H753
1672,QTYM
1673,9R37
1674,55RF
1675,5FA9
1676,K3TH
1677,FQKZ
1678,4F9C
1679,AKZK
1680,KCA9
1681,T5C7
1682,THYK
1683,333Y
1684,FYQ5
1685,YHM4
1686,4MT3
1687,P3RH
1688,AR45
1689,9F2M
1690,7ZAA
1691,CC43
1692,74HY
1693,ZTZ7
1694,PMTC
1695,TPM7
1696,249N
1697,KY5K
1698,Q3H2
1699,2MYN
1700,KNPC
1701,K437
1702,5ZZA
1703,TKF2
1704,9YKR
1705,4YNR
1706,YF4Z
1707,P2M9
1708,YYYZ
1709,PNP4
1710,27KY
1711,NAAQ
1712,2PRK
1713,79KR
1714,M4CP
1715,4RYA
1716,HHA2
1717,4YYK
1718,24Q5
1719,ZMZR
1720,TYYP
1721,HF49
1722,NM2C
1723,43HN
1724,452Y
1725,574Q
1726,2A5H
1727,54TY
1728,2N2Y
1729,FYK5
1730,55N5
1731,9N7P
1732,4T32
1733,FMKR
1734,9QZ2
1735,F3K5
1736,NM7Z
1737,3CZR
1738,7FPH
1739,HFZP
1740,YQRR
1741,7TZ9
1742,N2TR
1743,9AM4
1744,THNY
1745,TPZ9
1746,47NH
1747,7AYY
1748,7RMP
1749,QT5R
1750,554H
1751,KH5H
1752,2C74
1753,YFQ5
1754,KRAQ
1755,324C
1756,4YHC
1757,QQAA
1758,AH37
1759,RQ4M
1760,KCPQ
1761,M9KQ
1762,R3CK
1763,RP4Z
1764,AZMC
1765,2CZH
1766,HZMK
1767,4NQH
1768,RTM9
1769,7C5Z
1770,KYRR
1771,F7A9
1772,3NMH
1773,R5FM
1774,FAA9
1775,Q9ZH
1776,NPRF
1777,H9PZ
1778,3T9K
1779,299C
1780,CY2F
1781,C2FC
1782,29Q9
1783,94F2
1784,CQ9K
1785,FNMT
1786,2M72
1787,FKPY
1788,2Q9K
1789,9Z4H
1790,CAMN
1791,Z5RY
1792,H73Z
1793,424C
1794,4H2N
1795,Z57T
1796,57H3
1797,9MYT
1798,7RQT
1799,PKNM
1800,5CP5
1801,R257
1802,QH4C
1803,533A
1804,Z7PN
1805,PFZ4
1806,5M7P
1807,9NNZ
1808,PFZ4
1809,CNZ3
1810,2CCA
1811,YQ55
1812,HTCP
1813,H4NN
1814,2Q4K
1815,TKF5
1816,HT53
1817,QRH5
1818,453A
1819,ZMQQ
1820,3HZN
1821,K5MT
1822,QHPK
1823,7Q7P
1824,3YPP
1825,CRMZ
1826,HHYP
1827,4K29
1828,7C55
1829,4NF9
1830,ZP42
1831,QYM7
1832,TP34
1833,PHHP
1834,FNKF
1835,252F
1836,7RC7
1837,PKYY
1838,R9N3
1839,TNK9
1840,9NA9
1841,FMTQ
1842,25QZ
1843,TQQA
1844,5HY7
1845,NPNP
1846,TN3M
1847,5FN3
1848,M34M
1849,CK54
1850,Z7HP
1851,MP3Q
1852,Z2NM
1853,F947
1854,FZM9
1855,7CRZ
1856,9AH2
1857,M957
1858,FAN7
1859,P2TK
1860,3HKR
1861,YQ4Q
1862,5N4M
1863,TMAQ
1864,F29M
1865,RM4P
1866,MPF3
1867,75C2
1868,F92Q
1869,9935
1870,PNCQ
1871,79TC
1872,Y37P
1873,3K4M
1874,ZYAP
1875,7Y9K
1876,YT57
1877,9MN7
1878,F9KK
1879,HCT9
1880,4M4N
1881,2A4C
1882,TCYN
1883,QA4Y
1884,3NT4
1885,3AZ4
1886,H23H
1887,MKMH
1888,T4N3
1889,A4FC
1890,R497
1891,5249
1892,NZKT
1893,9YKA
1894,4C74
1895,A3MF
1896,5NT7
1897,5HZQ
1898,9CTK
1899,Y5ZQ
1900,5FPK
1901,M9TM
1902,52CN
1903,MMP3
1904,5NHN
1905,7Z54
1906,PTZ4
1907,4YMR
1908,7K5N
1909,C9Y7
1910,N2TR
1911,HHP9
1912,QQPA
1913,RMQN
1914,PA4T
1915,K2CR
1916,P7FH
1917,5A7T
1918,4A3F
1919,QY72
1920,95QQ
1921,P9C2
1922,HZYP
1923,2AK7
1924,MYRF
1925,RQPN
1926,Z7CZ
1927,N5NH
1928,3MNR
1929,4R9K
1930,R4AH
1931,QN32
1932,H3TC
1933,T5R9
1934,95KZ
1935,K4C9
1936,3C7H
1937,FM4P
1938,CZ9Z
1939,NYRN
1940,4HF2
1941,QMY3
1942,RZN3
1943,QQP5
1944,7QMZ
1945,QHNA
1946,PYK5
1947,TZKF
1948,AMQF
1949,9H29
1950,MTPF
1951,43KQ
1952,2925
1953,CQZK
1954,97YR
1955,7MYC
1956,F42R
1957,7AHF
1958,AKC7
1959,75HZ
1960,32ZY
1961,P97C
1962,TM4A
1963,CHYA
1964,23AF
1965,Z4R4
1966,NTR4
1967,AHMT
1968,PCAM
1969,CRZC
1970,2Y92
1971,Y4YP
1972,Z33C
1973,P99R
1974,PT7H
1975,K9F7
1976,2Z9T
1977,QKKP
1978,HT5C
1979,3MTC
1980,94AR
1981,MT47
1982,HAHA
1983,HK4M
1984,C94Z
1985,F9RP
1986,MQRY
1987,FZA2
1988,QPCZ
1989,MAZA
1990,AYNC
1991,A25R
1992,F9M7
1993,PM3Y
1994,4YMT
1995,TRF5
1996,33NN
1997,AA53
1998,2PFF
1999,24HC
2000,C5TH
2001,23T7
2002,3CM3
2003,HR5Q
2004,5PQK
2005,P293
2006,59MP
2007,PKRZ
2008,92M4
2009,P494
2010,33M9
2011,HNA5
2012,QCRR
2013,QK2Q
2014,M3M2
2015,R9HT
2016,MRK3
2017,97K5
2018,95RY
2019,92CK
2020,Y793
2021,M3N2
2022,952T
2023,9RMQ
2024,C355
2025,TYRF
2026,FPHM
2027,54TZ
2028,FMF3
2029,HNZ5
2030,K5Y5
2031,9CPT
2032,F7F2
2033,KHF7
2034,MQFM
2035,7RYC
2036,RKY5
2037,MTR4
2038,H7RN
2039,3A2Q
2040,HFPM
2041,NK4N
2042,9TT3
2043,YQFH
2044,Q5AR
2045,9QQ7
2046,RZT5
2047,F99P
2048,5YNF
2049,9QAM
2050,CT29
2051,AHM2
2052,RPM4
2053,ZC7T
2054,R4C5
2055,5ZK7
2056,HA3F
2057,T5ZC
2058,HQT5
2059,T2FQ
2060,HPTC
2061,99YZ
2062,AK43
2063,Y377
2064,A4ZQ
2065,H2MQ
2066,FHAF
2067,M25N
2068,Y9QK
2069,HTK4
2070,9NPA
2071,H5N5
2072,P4MR
2073,92R2
2074,P7CP
2075,Q55M
2076,K5M3
2077,5Z7C
2078,NTZ7
2079,MFH4
2080,9MQN
2081,3NTZ
2082,9TAR
2083,P3KC
2084,93MZ
2085,Q3NM
2086,C232
2087,2MPY
2088,45CY
2089,C57M
2090,ZMN4
2091,ZZK9
2092,T47M
2093,AKHA
2094,MA2H
2095,N2TC
2096,ZYAR
2097,47M3
2098,7A4N
2099,9NPC
2100,53KC
2101,K5FM
2102,9FFH
2103,CNYR
2104,FM2A
2105,9PNR
2106,C3K5
2107,MK42
2108,79N4
2109,5ZCN
2110,7FCC
2111,NKMR
2112,2YYZ
2113,3YRP
2114,ACAT
2115,K9CF
2116,FQZF
2117,ZY4K
2118,KTNQ
2119,FFM9
2120,9QP5
2121,R7HT
2122,9N33
2123,499Q
2124,Q3Z5
2125,3MMY
2126,AKCH
2127,MQ4H
2128,MN3Q
2129,CHK3
2130,MAQR
2131,M435
2132,MT49
2133,MR9Z
2134,TA7K
2135,22YR
2136,AATT
2137,TN9K
2138,7TKZ
2139,N5FY
2140,CNQ3
2141,YNH2
2142,KRFF
2143,H94T
2144,PA7Z
2145,43P7
2146,R9PP
2147,Y75A
2148,C7PN
2149,YR74
2150,R2K4
2151,5QQC
2152,PFQQ
2153,T55R
2154,TCNY
2155,3ZNQ
2156,5AFF
2157,N4T5
2158,ZYHM
2159,AMK3
2160,TA4P
2161,MQQ5
2162,9HRH
2163,ZRC4
2164,3TPP
2165,NQPR
2166,4CZ9
2167,AH3M
2168,N3PF
2169,ZC3N
2170,MQYK
2171,NT75
2172,7R55
2173,FAPA
2174,HH3Q
2175,M329
2176,9QYN
2177,TYPT
2178,9TZ9
2179,A7TT
2180,CN5C
2181,KHTK
2182,CH9Q
2183,F5Y2
2184,9935
2185,MT5F
2186,C77H
2187,M3ZY
2188,A393
2189,KQ5R
2190,YNCA
2191,A3YT
2192,M7R9
2193,KZHP
2194,K924
2195,437A
2196,KM5P
2197,M245
2198,KKQ4
2199,R97H
2200,TCR9
2201,K3K2
2202,F9YT
2203,R7P5
2204,M2AH
2205,NKAF
2206,QHCR
2207,TF7C
2208,MK9R
2209,9A74
2210,2PCF
2211,P3CK
2212,KC97
2213,KNH3
2214,9C3Y
2215,933N
2216,53KC
2217,P94Q
2218,MZ5Y
2219,PQAF
2220,Y7YF
2221,7Z94
2222,4YF3
2223,4475
2224,R44T
2225,5ZQ7
2226,A3KT
2227,QK92
2228,5NA9
2229,HF5C
2230,TK4H
2231,9ZRN
2232,77HR
2233,QT3Z
2234,PCZP
2235,YR7R
2236,ZQ2P
2237,K3YF
2238,QNRR
2239,ZQTK
2240,K4QY
2241,773T
2242,9F4P
2243,437C
2244,ZTF3
2245,5HR3
2246,9HT9
2247,RN4Y
2248,3T34
2249,5M97
2250,7FQZ
2251,H3ZY
2252,TM29
2253,P43H
2254,7NNP
2255,ZZ29
2256,CH9K
2257,NQCY
2258,992Z
2259,KA7F
2260,4AA4
2261,ZK9N
2262,7A39
2263,ZYCQ
2264,HQM9
2265,F57A
2266,3PQH
2267,RA4M
2268,HQYA
2269,KFFA
2270,P4A2
2271,H2ZR
2272,RY3C
2273,ACK5
2274,MCFZ
2275,H92F
2276,MQ24
2277,4YPM
2278,QN2P
2279,H79F
2280,54TK
2281,Z47Q
2282,75Q5
2283,CFRY
2284,4ZKA
2285,CYT3
2286,RPTT
2287,5KPA
2288,YTCK
2289,F5KQ
2290,3C27
2291,HZPC
2292,R5F5
2293,P2NZ
2294,4QPM
2295,2CH5
2296,H543
2297,HCC9
2298,97KK
2299,NNHK
2300,TCQ4
2301,P3YC
2302,TPMF
2303,2KMR
2304,CHK5
2305,NAN2
2306,5Z32
2307,MHCT
2308,R59Z
2309,M4YM
2310,3Q3F
2311,M2Q2
2312,C2TP
2313,M7M2
2314,FQPC
2315,HKYY
2316,7C4Y
2317,NC2M
2318,KHQP
2319,5NRH
2320,2ZPZ
2321,C29T
2322,PT5C
2323,ZNAY
2324,C7CF
2325,55MN
2326,TCNT
2327,FKHF
2328,FNY5
2329,7P3Z
2330,Z2Q7
2331,QRKT
2332,P2C2
2333,R92Q
2334,QHZT
2335,A5Z2
2336,K7NM
2337,RYZH
2338,CMC4
2339,RM3Y
2340,K3MQ
2341,N3PN
2342,YKYF
2343,YQFT
2344,Y77Z
2345,M9QY
2346,N4PQ
2347,Z7K5
2348,YCN7
2349,F495
2350,Q5M7
2351,RMR5
2352,P3MQ
2353,HZT3
2354,QCA9
2355,ZQHP
2356,7YQY
2357,2T23
2358,9NRC
2359,RTQR
2360,RYR9
2361,4ZY2
2362,7Y4C
2363,4ZFR
2364,QN5R
2365,4T5Y
2366,743C
2367,445F
2368,K5ZQ
2369,NQPK
2370,FFR2
2371,FCNY
2372,3TFN
2373,RT5Y
2374,R2YA
2375,3RK4
2376,7972
2377,4CHN
2378,FZ39
2379,NZ92
2380,5QQY
2381,YQCZ
2382,HYQF
2383,95HH
2384,FTHH
2385,RYZH
2386,MN93
2387,PZZF
2388,5YY2
2389,5RR4
2390,C4M3
2391,NPZY
2392,55Q7
2393,25CF
2394,H527
2395,HY2A
2396,HAHR
2397,AKCZ
2398,MTA3
2399,AK3A
2400,9KZY
2401,KQNZ
2402,MQRP
2403,2R47
2404,9TT4
2405,F7K3
2406,YQPT
2407,MPZR
2408,FPY2
2409,FZ72
2410,FTZ5
2411,2C72
2412,PYRK
2413,RZHY
2414,CH32
2415,7RYZ
2416,Y9PA
2417,AHKC
2418,22NA
2419,22KY
2420,Y44H
2421,CQ42
2422,A2PR
2423,P7FK
2424,QFKH
2425,CCTH
2426,TA5N
2427,A2QN
2428,HFRZ
2429,PNAM
2430,HM2H
2431,CM7F
2432,4KTQ
2433,9K3Q
2434,NK9Y
2435,NZ93
2436,N2PZ
2437,9A37
2438,A4FC
2439,MKHC
2440,MRR7
2441,K2PT
2442,PFQ9
2443,5334
2444,3P4F
2445,7425
2446,A3NC
2447,Z32M
2448,9P72
2449,9P5N
2450,F5K2
2451,N2F9
2452,NQHM
2453,Z5N4
2454,N9N3
2455,45AY
2456,QFYT
2457,KP3M
2458,N7N5
2459,FH4Q
2460,C72Y
2461,5MNA
2462,Y4P7
2463,FTNC
2464,FF9F
2465,MMRN
2466,997M
2467,Y7MF
2468,Z75P
2469,R2KZ
2470,3955
2471,ZMH4
2472,7ZRF
2473,R34M
2474,ZRMT
2475,RH3C
2476,MKRF
2477,2F24
2478,MP7H
2479,N3FA
2480,742Y
2481,5K9C
2482,57YK
2483,TA37
2484,9TAZ
2485,MTH9
2486,9KQT
2487,CQAZ
2488,Q93M
2489,2A4A
2490,53KN
2491,NH5Y
2492,3TMZ
2493,YK9Y
2494,2N2F
2495,RA37
2496,Y2HC
2497,7TCN
2498,9MCT
2499,4APN
2500,TK7Z
2501,4KNP
2502,2A3Q
2503,PM37
2504,93TP
2505,HZC5
2506,TFKP
2507,A5ZT
2508,5TF3
2509,AQ25
2510,AATA
2511,3FH2
2512,C999
2513,F52Z
2514,Q5NC
2515,P99M
2516,47C2
2517,H5A3
2518,3HCT
2519,3HMK
2520,F4ZQ
2521,PAHQ
2522,HATH
2523,YACZ
2524,T3H4
2525,4RRR
2526,7RH5
2527,AKZ3
2528,9CMQ
2529,R2HA
2530,4MRH
2531,Q3QC
2532,NFRN
2533,N7C3
2534,YF7M
2535,5NAY
2536,F4MC
2537,M4K5
2538,ZHTP
2539,2FM7
2540,YAC2
2541,HR7Q
2542,H4PC
2543,NQAR
2544,TZ2M
2545,Z3FN
2546,4294
2547,FPZZ
2548,753H
2549,MMAF
2550,HH45
2551,ZMFA
2552,QT29
2553,Z3RH
2554,FZRY
2555,9Q3C
2556,QKMT
2557,MMFN
2558,CQTY
2559,FFHQ
2560,AAMA
2561,2ZMK
2562,7K7Z
2563,TP7F
2564,5NR2
2565,NCAN
2566,FATP
2567,59Y3
2568,K332
2569,TFRM
2570,AR9T
2571,K4PC
2572,TAH2
2573,MRHQ
2574,CC45
2575,YPA2
2576,3THP
2577,HCRF
2578,3K93
2579,PQ3F
2580,9Y7K
2581,7TFK
2582,HK37
2583,44RM
2584,FNYT
2585,M54Y
2586,2K24
2587,Z9N3
2588,RPAN
2589,C5FA
2590,Z2PK
2591,2KHZ
2592,H2K4
2593,A7NQ
2594,CFCQ
2595,CFKN
2596,ZNF9
2597,TCFZ
2598,5QC3
2599,74QK
2600,2P42
2601,ZMP9
2602,PRMC
2603,NQAC
2604,3Q22
2605,MKNN
2606,RYMZ
2607,7335
2608,N4CF
2609,TPNR
2610,227H
2611,CHQR
2612,3MMT
2613,5T93
2614,CRYQ
2615,H5F3
2616,5N3A
2617,7HP9
2618,FTMN
2619,N7T3
2620,N3MR
2621,AY7A
2622,P9MM
2623,N4T9
2624,3422
2625,RAAK
2626,YCM7
2627,FTCA
2628,39KR
2629,59T9
2630,RN3P
2631,KZFH
2632,7ANM
2633,29FK
2634,MYZ5
2635,9FFR
2636,4QTP
2637,334Q
2638,2T9T
2639,H249
2640,QYKH
2641,KQ77
2642,H7P7
2643,R4PT
2644,2292
2645,Z54H
2646,7R9Y
2647,CKTQ
2648,YACH
2649,YP5A
2650,AMHN
2651,YQYY
2652,54T5
2653,29KY
2654,2ZT4
2655,KNM7
2656,KTYR
2657,3TRA
2658,7KTN
2659,MK79
2660,4T37
2661,KTTA
2662,3TKQ
2663,KKPN
2664,ZMP9
2665,RH7R
2666,9924
2667,CC3M
2668,HHR5
2669,R7AY
2670,5ZR7
2671,TQTQ
2672,HQC5
2673,5HT3
2674,4TNC
2675,395H
2676,YYZC
2677,Z5RP
2678,ATNC
2679,H2NM
2680,29AR
2681,AZFM
2682,9CTC
2683,M74Q
2684,TCZ9
2685,A49F
2686,9FC2
2687,RPCM
2688,ZZK3
2689,C354
2690,FAQC
2691,73Q7
2692,3A4T
2693,55M4
2694,93A3
2695,FC5H
2696,HCQH
2697,RHNP
2698,A4ZF
2699,KNYP
2700,3ZYA
2701,QQYQ
2702,CZRF
2703,QQZY
2704,N3TC
2705,TZ95
2706,K3K7
2707,KZKR
2708,722F
2709,2KQK
2710,M7T3
2711,7A9Y
2712,CZFZ
2713,TRZT
2714,PM7R
2715,H2N3
2716,2H7Z
2717,H9Z9
2718,2P79
2719,FQKY
2720,CKC5
2721,P37K
2722,NAT3
2723,H7KN
2724,4R27
2725,YZM2
2726,3P4R
2727,FK7Z
2728,39MQ
2729,TRRK
2730,FYRY
2731,TA49
2732,AYM9
2733,NR79
2734,ACZ4
2735,QQPH
2736,R92H
2737,CP2K
2738,P2A7
2739,HP97
2740,YN97
2741,HHRA
2742,YNPP
2743,75PH
2744,AY25
2745,R23Q
2746,CKA3
2747,C5AA
2748,FT5F
2749,4YRR
2750,Q2R3
2751,4P4R
2752,7T5P
2753,99P2
2754,TFNC
2755,FC5Q
2756,M9QF
2757,FY9Y
2758,973T
2759,9HPM
2760,92Y3
2761,CZCN
2762,TZF3
2763,MY5C
2764,ZM32
2765,N5YH
2766,F39P
2767,Y5YM
2768,5PKH
2769,ZK2F
2770,2RCM
2771,23F9
2772,22R7
2773,YFTT
2774,YTP4
2775,Z32F
2776,CZHF
2777,QMA7
2778,27RT
2779,FNMH
2780,29N9
2781,KMZP
2782,ATMT
2783,29HK
2784,QNNA
2785,MF2Q
2786,3YAF
2787,2FMQ
2788,Y2MM
2789,RH4M
2790,ZNM9
2791,QPAP
2792,F5ZY
2793,A3NN
2794,4FP5
2795,NT5T
2796,4NAT
2797,RM2M
2798,42ZN
2799,9KHA
2800,M4RC
2801,APF7
2802,9AF5
2803,2TMP
2804,C4RK
2805,M9HM
2806,HCZP
2807,C4AK
2808,ACPF
2809,5Z5H
2810,PCKK
2811,PQTP
2812,F72N
2813,YYA9
2814,24P7
2815,YKA5
2816,CHH5
2817,K7ZP
2818,ATFP
2819,745M
2820,YH74
2821,THTK
2822,K997
2823,AP7A
2824,HZY9
2825,5K4C
2826,QF2T
2827,TNYN
2828,5RMY
2829,35Z5
2830,PRAK
2831,H323
2832,ARTH
2833,F5HR
2834,K7M7
2835,3FC9
2836,329Y
2837,A49K
2838,HKY2
2839,24N7
2840,K2RT
2841,K75R
2842,5N9P
2843,K5YM
2844,5YQA
2845,FQZA
2846,2CNA
2847,YCZ5
2848,QYTQ
2849,AM7N
2850,F9RQ
2851,39ZQ
2852,294F
2853,A5HK
2854,Q5Q3
2855,ANCA
2856,CY9C
2857,4AKP
2858,PMHQ
2859,HK5C
2860,A4K4
2861,92MC
2862,Q5YN
2863,CZH3
2864,FQKK
2865,CC24
2866,C4HC
2867,ZQPR
2868,A739
2869,CPH4
2870,K4HN
2871,YC5Q
2872,3CKN
2873,7ZNZ
2874,4PRN
2875,TPPA
2876,FCNF
2877,3C7T
2878,7P5F
2879,N3AM
2880,CQPN
2881,CTZ2
2882,7NCK
2883,47MZ
2884,TR2P
2885,K5R7
2886,H72Y
2887,AMKZ
2888,P33Y
2889,MY2M
2890,49PP
2891,4NZR
2892,Z94P
2893,C42Q
2894,HNP3
2895,KHAZ
2896,A3TZ
2897,QY9P
2898,Q4FZ
2899,244F
2900,FFA5
2901,2CYC
2902,FMKY
2903,PA95
2904,7C5Y
2905,K2AA
2906,3MRT
2907,TK77
2908,HQA4
2909,HK44
2910,9HH9
2911,FZAN
2912,TPZM
2913,FC4A
2914,KC3A
2915,375H
2916,Q4P7
2917,C45K
2918,QTZ3
2919,C2TZ
2920,QNNQ
2921,7MQF
2922,KRQK
2923,332P
2924,P7YT
2925,KRRQ
2926,YA4F
2927,H3FP
2928,MC3M
2929,ZP37
2930,3KCM
2931,KP9M
2932,YPTF
2933,ANMZ
2934,ZP9N
2935,TAYR
2936,Y7FC
2937,NYQM
2938,72AM
2939,4ZNC
2940,RFY5
2941,P2TN
2942,79FR
2943,5P2H
2944,AP5K
2945,F3K7
2946,Q94F
2947,NZ2Q
2948,9A7N
2949,PKZP
2950,M9HR
2951,2PYC
2952,9T5M
2953,32Q5
2954,CCN2
2955,NAR4
2956,5HYR
2957,Z7C4
2958,ZN3R
2959,4H3P
2960,7T94
2961,9775
2962,535C
2963,T5TY
2964,9FNY
2965,HAAP
2966,95AQ
2967,RF2M
2968,PZYH
2969,43AN
2970,RQPP
2971,CFKC
2972,NH5C
2973,AQ5P
2974,NRMR
2975,23T9
2976,75F2
2977,95Y4
2978,CANR
2979,Y7M5
2980,2MFH
2981,NA5R
2982,MAN7
2983,TTZA
2984,YKK2
2985,ZM5Y
2986,MY5Q
2987,NC3K
2988,KY5M
2989,QRCH
2990,QACC
2991,ARRK
2992,CN5P
2993,C3Y5
2994,9N4Y
2995,K4N7
2996,MK37
2997,MZAH
2998,7997
2999,K9P7
3000,9KFT
3001,AAC3
3002,5H2R
3003,NTHA
3004,94HK
3005,77M7
3006,92P9
3007,RRFH
3008,NMFQ
3009,AFY9
3010,HYY2
3011,5RF4
3012,ZZ95
3013,QK45
3014,N2M2
3015,7CHP
3016,P9PQ
3017,KHCZ
3018,HP3A
3019,RNNT
3020,YNY4
3021,T44K
3022,74AC
3023,RZY2
3024,HMPC
3025,RCN9
3026,7M9K
3027,KMRF
3028,Z4Y3
3029,Y34M
3030,9FP7
3031,2ATF
3032,C3TY
3033,PF45
3034,QF5P
3035,HYFH
3036,ZFT2
3037,T2PY
3038,RN24
3039,NN7M
3040,NCZZ
3041,T7HZ
3042,NA4M
3043,7P7A
3044,9AAH
3045,PRFH
3046,47FH
3047,KYQA
3048,TH7C
3049,PMT3
3050,N2F9
3051,A97F
3052,N352
3053,4CAT
3054,PACZ
3055,HP7H
3056,QC5N
3057,F7ZC
3058,2A7C
3059,9TZK
3060,ANYC
3061,NP3T
3062,T2MR
3063,RA3P
3064,K5AA
3065,H4QF
3066,A4CK
3067,FFMT
3068,2FYR
3069,5TQP
3070,59ZN
3071,Z332
3072,AMP5
3073,KZNH
3074,NFAC
3075,4NR5
3076,RMKY
3077,YRAA
3078,A59N
3079,5725
3080,4CZ3
3081,343T
3082,KHQ7
3083,YY32
3084,A9KH
3085,MKZQ
3086,Z9RY
3087,N537
3088,Z5HT
3089,FCFF
3090,QYF2
3091,7Y2A
3092,7KHC
3093,3CMC
3094,CY24
3095,Z2QC
3096,5YP5
3097,CPY3
3098,QNPC
3099,QRCM
3100,5ZCH
3101,AH73
3102,RZCM
3103,523Z
3104,AQR4
3105,4CK7
3106,AMHH
3107,9AFT
3108,RHZP
3109,2Y29
3110,7TT4
3111,CRRN
3112,YC5Q
3113,QKN4
3114,A439
3115,QPYT
3116,K3YF
3117,9QPQ
3118,4N3H
3119,RHR4
3120,TNFF
3121,CPP5
3122,59CT
3123,ZFAP
3124,FNNQ
3125,MRH9
3126,Q9HZ
3127,33PC
3128,PFHT
3129,Z2NF
3130,NCR7
3131,QYMK
3132,A4ZQ
3133,PHFM
3134,3AQP
3135,F45N
3136,M9ZY
3137,9QC3
3138,CA92
3139,9HZ4
3140,2HPF
3141,P5T4
3142,TNQR
3143,3AFF
3144,ZFZ5
3145,Y4YP
3146,HKZ4
3147,C5MM
3148,2T3R
3149,RM9Z
3150,HN79
3151,TQMT
3152,K25M
3153,2P3R
3154,M3AA
3155,3TFH
3156,KFA7
3157,T94F
3158,H7TK
3159,CM9R
3160,3F32
3161,3Z25
3162,7NRM
3163,NCHY
3164,N439
3165,KHQP
3166,9TC9
3167,ZTYZ
3168,MFMN
3169,YM33
3170,QCA7
3171,9QA3
3172,N7Q5
3173,74PR
3174,PP7Q
3175,PQQN
3176,7ACN
3177,2K9R
3178,KT7N
3179,KTC9
3180,ZCQ5
3181,ZZMH
3182,MZP7
3183,APPZ
3184,M243
3185,CC45
3186,9RMR
3187,H4TH
3188,P73M
3189,A7CM
3190,7MFA
3191,FQPH
3192,YH25
3193,5KHN
3194,5945
3195,NCZF
3196,5MA7
3197,QQZR
3198,HNCM
3199,HYNQ
3200,N972
3201,RFAZ
3202,RHH5
3203,7CMA
3204,Q9CZ
3205,37KN
3206,P42A
3207,4NHR
3208,HFR2
3209,9TAQ
3210,75Y9
3211,MF35
3212,Z2Y9
3213,C4PF
3214,4FT3
3215,ZATQ
3216,47HP
3217,43QR
3218,24F7
3219,7FK2
3220,ZKTN
3221,745R
3222,MTMM
3223,RTFY
3224,F3Q7
3225,2KTF
3226,ZQ59
3227,CHRK
3228,ZHZA
3229,KFH2
3230,YZA5
3231,TQAM
3232,QM2C
3233,73K7
3234,9M42
3235,KFZ5
3236,CYN4
3237,NKYC
3238,T4FA
3239,7RA7
3240,4MZN
3241,2TNH
3242,7PPA
3243,H2ZA
3244,57M9
3245,7MHN
3246,MNFA
3247,9F43
3248,5MP7
3249,KNTT
3250,A9PF
3251,52A4
3252,R2P9
3253,TTNM
3254,2THC
3255,N274
3256,MN93
3257,PPQ7
3258,2ANN
3259,9PTM
3260,PM34
3261,P4PN
3262,YYQH
3263,ANT2
3264,QZM7
3265,Y9RK
3266,AN3F
3267,QCH4
3268,Y4N3
3269,2RMF
3270,2P9Q
3271,Y5YK
3272,533Z
3273,5MF7
3274,95H4
3275,NCR7
3276,QMMR
3277,F7C5
3278,9Q2H
3279,2Z2T
3280,3QAP
3281,57R2
3282,R7K7
3283,3M3M
3284,R29Q
3285,M4QH
3286,CAQ4
3287,F544
3288,A4AF
3289,HT4K
3290,C25M
3291,QNTN
3292,KAKR
3293,R997
3294,HRCP
3295,HZN5
3296,4NAM
3297,M2CN
3298,3QRQ
3299,AZK4
3300,M5ZQ
3301,PK2C
3302,CCQT
3303,3ATC
3304,57ZN
3305,7Y7C
3306,NQY3
3307,RYNZ
3308,RNMN
3309,ZM4Q
3310,ZTFN
3311,YPQR
3312,5FNF
3313,44QQ
3314,YHPR
3315,MP5A
3316,24Q3
3317,NQHY
3318,TR2T
3319,7H37
3320,RC9T
3321,R97Q
3322,2YKC
3323,R9A3
3324,5KHZ
3325,77HN
3326,KCNA
3327,5YHM
3328,4QKR
3329,KFFH
3330,4CM9
3331,MFZN
3332,Z3PN
3333,TYR5
3334,RK5T
3335,CCQ7
3336,R9F3
3337,74MZ
3338,AMZ3
3339,ZM3P
3340,7MFK
3341,9T9A
3342,PH7C
3343,7H7F
3344,FMMZ
3345,9KPZ
3346,43R5
3347,R445
3348,3Z27
3349,3HPR
3350,A25P
3351,57R7
3352,R3ZZ
3353,92QA
3354,K79C
3355,H4CY
3356,YRQH
3357,A5K2
3358,C7HT
3359,NTZ5
3360,RNQK
3361,5RMN
3362,FZZF
3363,5KFN
3364,TYAZ
3365,2PF9
3366,5RRA
3367,2M2H
3368,2F9T
3369,ZZ45
3370,42RP
3371,7KY2
3372,FFA5
3373,CHP7
3374,25RP
3375,YCCP
3376,RQF9
3377,5Z79
3378,3RRM
3379,72NQ
3380,4QYK
3381,9QYY
3382,TRP5
3383,MTAQ
3384,5723
3385,PFC7
3386,T9T5
3387,K3A7
3388,497P
3389,RMRA
3390,42ZF
3391,C9HH
3392,5292
3393,5ZCM
3394,F4Z5
3395,NZAP
3396,YCHH
3397,RQAT
3398,RFM4
3399,2HC7
3400,FC23
3401,3F4T
3402,A3Z2
3403,57K7
3404,CNFM
3405,9FN4
3406,P3TR
3407,443A
3408,ZR4P
3409,QKH4
3410,Z739
3411,Q37N
3412,95TA
3413,AC5Z
3414,NM4T
3415,FKKK
3416,5MP3
3417,ZA4C
3418,2MKK
3419,P42H
3420,Z7ZM
3421,RPP4
3422,T5H2
3423,PZ27
3424,777T
3425,5KH5
3426,4QK5
3427,74CH
3428,3NZ9
3429,NY79
3430,5H5R
3431,HYYY
3432,RT55
3433,7PC7
3434,ZK7F
3435,PQA7
3436,H5KK
3437,5PMZ
3438,AZMM
3439,5Q33
3440,4H4K
3441,NHRZ
3442,QP2P
3443,Q5PT
3444,9TK2
3445,7MK4
3446,3Q4H
3447,3FF2
3448,9H5M
3449,H7QP
3450,MFCT
3451,7CCY
3452,AAQ4
3453,KT5Z
3454,YH5Q
3455,ZZ77
3456,Y74K
3457,3MKP
3458,ZP39
3459,Y7P2
3460,4MMK
3461,YZPQ
3462,ZPF2
3463,N5HP
3464,K9KA
3465,N7R7
3466,R3ZA
3467,3479
3468,H77A
3469,92QA
3470,YCZT
3471,C2AC
3472,QMH3
3473,RP4Y
3474,P99N
3475,7TCT
3476,NAZH
3477,ZCK2
3478,NHM3
3479,7QHZ
3480,YCKK
3481,QNMZ
3482,YA49
3483,97PZ
3484,5N2H
3485,A4RM
3486,3QP9
3487,Y4PR
3488,3QCF
3489,9RZ9
3490,AQ9F
3491,9NA7
3492,57HA
3493,FQRT
3494,34AP
3495,92HQ
3496,M55T
3497,ZY9Z
3498,2KRR
3499,MT3T
3500,MN7C
3501,K9CA
3502,5K49
3503,YPZ3
3504,NAC9
3505,T4HZ
3506,P944
3507,MP4Q
3508,PYCP
3509,HAH3
3510,YNYP
3511,AKF3
3512,NRNC
3513,MMZF
3514,PHMM
3515,PMRZ
3516,FRTK
3517,5QN7
3518,2T3K
3519,M3MM
3520,4T5Q
3521,RFC9
3522,Z4HK
3523,F4R4
3524,YY27
3525,HTP4
3526,5QA5
3527,4ZPM
3528,2Y7P
3529,4RPZ
3530,PRRM
3531,NFKZ
3532,TQ4Q
3533,2HNY
3534,4C9Y
3535,HTPQ
3536,TACH
3537,R44N
3538,RM9C
3539,FHQY
3540,THYK
3541,THKP
3542,4FT9
3543,RYRH
3544,7Z4Z
3545,FHFA
3546,3ZHN
3547,KRMA
3548,3QR9
3549,FKQP
3550,ZMRN
3551,HRN9
3552,QA99
3553,432F
3554,H739
3555,RQ4Q
3556,QPKN
3557,5HA5
3558,YZ5K
3559,MNMN
3560,2MZ4
3561,QTA5
3562,ZKCK
3563,HC5N
3564,7C5C
3565,7YY9
3566,FT2A
3567,9QK9
3568,ARR4
3569,P7YF
3570,YT2N
3571,AYY3
3572,KK3Z
3573,ATQ5
3574,AZRN
3575,CR49
3576,PNK5
3577,K2AH
3578,P5Q9
3579,P9C3
3580,9NYP
3581,N93Z
3582,2Z2C
3583,YZA9
3584,3CQ3
3585,25MN
3586,YRPK
3587,HAMA
3588,R9YC
3589,2F9P
3590,K357
3591,YTA5
3592,4YRM
3593,H39F
3594,ARF2
3595,3AHH
3596,R22N
3597,AAH2
3598,2NHK
3599,RP9F
3600,YHT2
3601,N3AA
3602,A2QK
3603,7MNN
3604,Y23H
3605,NN54
3606,R3YZ
3607,P4KT
3608,9NP9
3609,TCCF
3610,9A3Q
3611,49MH
3612,FQ5C
3613,Q7KH
3614,MYKQ
3615,TCZF
3616,MY2A
3617,T7A3
3618,5RAY
3619,4CCM
3620,KTTK
3621,NT72
3622,7Y9C
3623,99MN
3624,4YYP
3625,T3T3
3626,H7TY
3627,3A2H
3628,K2CN
3629,H5RA
3630,3KNQ
3631,3NNP
3632,HRZR
3633,Q932
3634,Q4RT
3635,4CMF
3636,545Q
3637,ZFK9
3638,A95Y
3639,C5K9
3640,Y5A2
3641,9RPK
3642,4KAN
3643,23HK
3644,HQ9Y
3645,ZQ7P
3646,H53A
3647,77C9
3648,HKAR
3649,NK79
3650,5R2A
3651,MKZ9
3652,3NMY
3653,HFAP
3654,CFZQ
3655,9T3C
3656,Z7PR
3657,CAY7
3658,MYAH
3659,ARKN
3660,TAFP
3661,5ZC7
3662,RFN2
3663,K44M
3664,5Y42
3665,F79Q
3666,PTRN
3667,23PF
3668,CR59
3669,FM57
3670,545R
3671,KFTF
3672,YK53
3673,MR77
3674,CCP9
3675,K4P3
3676,TR99
3677,CCPQ
3678,3N7C
3679,AFFR
3680,39M4
3681,2M5Z
3682,75CY
3683,552Z
3684,HAAZ
3685,75M4
3686,ZY3A
3687,A9C3
3688,RTPN
3689,3CCN
3690,59H9
3691,F3MA
3692,5PNQ
3693,22HH
3694,TFF7
3695,NPTY
3696,C92Z
3697,ZZR7
3698,TMMY
3699,Z3M2
3700,9NZZ
3701,RYZ9
3702,MCZ2
3703,9F7F
3704,3FKM
3705,M32Q
3706,KPH5
3707,FFMA
3708,N3HT
3709,PRAT
3710,RTNA
3711,2AZT
3712,9ACP
3713,23FY
3714,QA9C
3715,CA5H
3716,2TPZ
3717,2C9H
3718,Y4MM
3719,R9HT
3720,4RRF
3721,KY3Q
3722,Z3M5
3723,2HFN
3724,NPQ2
3725,MRF4
3726,YMAT
3727,4FQR
3728,43PZ
3729,FPRC
3730,F72H
3731,4KNC
3732,Z925
3733,2AQ4
3734,KPPT
3735,MYQ3
3736,2QH5
3737,RH94
3738,T2CP
3739,ZK9Z
3740,RP9A
3741,PNMH
3742,2Y52
3743,RY75
3744,Y9CQ
3745,FAPR
3746,MNYH
3747,RZQ9
3748,FM53
3749,3Y5K
3750,5QFN
3751,N9QC
3752,H2F2
3753,P7P9
3754,AH5Y
3755,T93M
3756,T5TP
3757,P993
3758,9M4M
3759,TK4P
3760,AF5M
3761,Q9Z7
3762,M9NM
3763,RFY9
3764,4RFT
3765,QM27
3766,2F2R
3767,QMMZ
3768,4Q32
3769,M3MK
3770,C2F7
3771,K942
3772,54N3
3773,YFTM
3774,2QNM
3775,KF4K
3776,HR5Q
3777,5QPA
3778,7P2K
3779,HQ57
3780,AZCF
3781,25HC
3782,HFHR
3783,R7MQ
3784,9C7A
3785,MM7H
3786,227K
3787,2KAM
3788,CH99
3789,ZA5N
3790,TN7Y
3791,YZ57
3792,M74K
3793,T9MT
3794,9CT7
3795,HQMQ
3796,5K4C
3797,4KHK
3798,7H3H
3799,MKMP
3800,447Y
3801,ZQK2
3802,FCKK
3803,KZZY
3804,2ARP
3805,CCQA
3806,C3K9
3807,5CZ5
3808,3K9H
3809,4AFA
3810,CH4P
3811,TACR
3812,4P5F
3813,2774
3814,CCCP
3815,52KZ
3816,YMFH
3817,KM5Y
3818,59MQ
3819,HM4F
3820,ZKMA
3821,QF3Q
3822,QK7Z
3823,23KQ
3824,A5H3
3825,T475
3826,MP3H
3827,55CC
3828,9KCT
3829,7QTC
3830,NARP
3831,F3FA
3832,PMAN
3833,4NYQ
3834,AKM7
3835,9Y35
3836,4ZRK
3837,CPMR
3838,C35A
3839,H7KP
3840,R9Q2
3841,5ZQ4
3842,PY94
3843,PHHM
3844,4MCN
3845,TC7R
3846,KY2P
3847,K354
3848,N3M3
3849,N33P
3850,FQ3M
3851,AZ23
3852,HNCQ
3853,9KQQ
3854,A3KC
3855,3ZCY
3856,2NK7
3857,Q2AK
3858,PNC3
3859,RY45
3860,2H3M
3861,AM9T
3862,C92M
3863,FMQN
3864,AMPY
3865,KAYM
3866,2KRQ
3867,K94Y
3868,RQ4M
3869,27AR
3870,TYRP
3871,9P3C
3872,ZK97
3873,NFZ5
3874,RMFM
3875,Z595
3876,5RC5
3877,QRC7
3878,PRPA
3879,5MM4
3880,TRZC
3881,9KM7
3882,25HM
3883,4FT9
3884,QCMQ
3885,Z3F5
3886,9QF7
3887,A3AT
3888,73NQ
3889,CYZY
3890,YMKQ
3891,4Z4M
3892,A75T
3893,AQHN
3894,52PK
3895,RTNQ
3896,FM3Y
3897,2YF9
3898,YT9C
3899,AC57
3900,CTCH
3901,3QHC
3902,9PPM
3903,92FF
3904,53QH
3905,K4AM
3906,92HT
3907,AACZ
3908,F2AR
3909,9F2P
3910,HF55
3911,23Y4
3912,HAK9
3913,2ZA7
3914,H4Z7
3915,2TCA
3916,CAKM
3917,AY2K
3918,2PF3
3919,KFCC
3920,NQK4
3921,H3FR
3922,HTTC
3923,4AH7
3924,CCYR
3925,N2R2
3926,CZCQ
3927,YMFH
3928,HFAA
3929,5PNM
3930,P92R
3931,7FCM
3932,A7MP
3933,QKMP
3934,PNAR
3935,5YPZ
3936,PAT7
3937,MQ23
3938,2FHZ
3939,YTRZ
3940,RYN3
3941,ZNT5
3942,9R7H
3943,9CF5
3944,RY4T
3945,QTNK
3946,YK3R
3947,TKCR
3948,RYFZ
3949,5N57
3950,Q7TH
3951,F99F
3952,7TAM
3953,Z3Q7
3954,F32M
3955,RYQN
3956,NRZK
3957,QK22
3958,47HM
3959,ZKZC
3960,75Z3
3961,HTK9
3962,FPK5
3963,Z4TA
3964,32P7
3965,49HA
3966,57PP
3967,FT5T
3968,C2MA
3969,NNHK
3970,3QQ3
3971,PMY9
3972,N7PQ
3973,HK3K
3974,RCKM
3975,PMFF
3976,Z9FZ
3977,Y575
3978,PAQ5
3979,PPZP
3980,T2Q9
3981,977Q
3982,CQZK
3983,5FF9
3984,HQ3C
3985,5CMA
3986,4RRH
3987,55NA
3988,ARHY
3989,2KQQ
3990,7YM2
3991,CPM9
3992,FPFP
3993,ZY9A
3994,ZP4T
3995,K4AF
3996,M9Y4
3997,MMYN
3998,CTYY
3999,NN3M
4000,2QHC
4001,57ZC
4002,CHAF
4003,Y739
4004,MTZY
4005,7F9M
4006,PP9N
4007,9422
4008,FNNA
4009,44H7
4010,39FA
4011,T9N4
4012,FACQ
4013,F9HF
4014,KKKM
4015,7Z3T
4016,QH49
4017,T3M9
4018,CCZ5
4019,C99T
4020,9CR2
4021,4Q7Y
4022,MPKM
4023,RP3N
4024,3C4Q
4025,RMA9
4026,HKCQ
4027,MT5K
4028,RQAC
4029,A54P
4030,9RH4
4031,3249
4032,HR3M
4033,9A2K
4034,FH72
4035,RN5Y
4036,PAMH
4037,5MCA
4038,22TQ
4039,Q4KY
4040,4MFP
4041,HFFK
4042,PC34
4043,7TRF
4044,MM3N
4045,9Z2P
4046,4FN9
4047,YMCZ
4048,CQ3R
4049,Q5R9
4050,A249
4051,CRY9
4052,P9T3
4053,R2PM
4054,Y974
4055,7MP9
4056,7CRQ
4057,R5FK
4058,Z4QM
4059,53FM
4060,M2YP
4061,7YCN
4062,9RMH
4063,Z35F
4064,H7KC
4065,455C
4066,R3TM
4067,ACK3
4068,4P9R
4069,4T3A
4070,ZHTT
4071,3TMT
4072,CNNT
4073,MQ45
4074,7ZRC
4075,CYT3
4076,CPHY
4077,CH33
4078,94FQ
4079,QYMF
4080,RKRQ
4081,79QZ
4082,RKQP
4083,Q2QM
4084,3H35
4085,TNMY
4086,FZ2A
4087,F7M4
4088,MMYM
4089,HHC2
4090,RRTK
4091,3RKC
4092,22TY
4093,4P4F
4094,YKAN
4095,TATA
4096,M4F2
4097,N5TZ
4098,7N5K
4099,K9MH
4100,FMPC
4101,Q7K9
4102,Y3R5
4103,95TT
4104,K277
4105,A939
4106,9Y5Y
4107,9F92
4108,ZZ9Z
4109,QTMK
4110,4TC2
4111,NK9N
4112,M57Y
4113,NKQF
4114,3HQN
4115,HNRA
4116,FCF3
4117,YK7H
4118,QZMC
4119,3APN
4120,APPT
4121,4RMY
4122,NH9T
4123,M47N
4124,ZR7Z
4125,9QQ3
4126,YT4N
4127,NF7Q
4128,FTQ7
4129,PTFP
4130,NANC
4131,325R
4132,3T5M
4133,YRZN
4134,77T7
4135,95TN
4136,K4AH
4137,ZR73
4138,CMF3
4139,QFP2
4140,TFR3
4141,KN4Y
4142,T2RH
4143,YR9M
4144,PCAM
4145,RN9M
4146,N73Y
4147,9PKM
4148,TM2P
4149,Y5C4
4150,TZY9
4151,HQ4P
4152,Q3ZP
4153,777R
4154,9TMT
4155,K7AK
4156,3FYC
4157,2AT3
4158,Z7N4
4159,T23R
4160,N2KT
4161,2HMN
4162,PM4H
4163,7CAC
4164,Q4PA
4165,H7HY
4166,322A
4167,5M22
4168,C5YM
4169,F3P2
4170,HM3T
4171,P4HK
4172,ZY2Y
4173,K4RM
4174,A9C2
4175,RQK5
4176,QNMY
4177,P4TM
4178,9YA5
4179,HCT3
4180,ZTZF
4181,HYQ4
4182,5Q7P
4183,33HN
4184,QH73
4185,2CAC
4186,3AZR
4187,CHNH
4188,Q27M
4189,M75Q
4190,PRM5
4191,73YQ
4192,ZPRR
4193,C33F
4194,NPMC
4195,5TH7
4196,YK3Z
4197,92QT
4198,CQC9
4199,R4TT
4200,N295
4201,YK3Q
4202,3PTY
4203,AF7Q
4204,KQA2
4205,H3YM
4206,7HM4
4207,YP4C
4208,MYMC
4209,Y4Z3
4210,N5RT
4211,TMTP
4212,NR7M
4213,KHQ7
4214,H775
4215,FZK9
4216,YQKK
4217,FMPR
4218,P4CR
4219,AN24
4220,2QRA
4221,2MCZ
4222,MM25
4223,9ZTR
4224,QP3Q
4225,AZM5
4226,7MPQ
4227,RF4Q
4228,T75Y
4229,FMAQ
4230,NATM
4231,3NF7
4232,HNC7
4233,Q4MN
4234,RPAZ
4235,APPY
4236,7ZK9
4237,9R2Z
4238,M44F
4239,7HQ3
4240,TAPC
4241,39CZ
4242,K2PR
4243,MN4F
4244,2ZZA
4245,ZT4V
4246,YYQA
4247,5KFP
4248,CZYM
4249,TKT5
4250,Z92C
4251,H3ZM
4252,HTZP
4253,K9Z7
4254,3TZ5
4255,CYFP
4256,KTAQ
4257,HY9Z
4258,AFT7
4259,37Y9
4260,CPHF
4261,M745
4262,R5ZZ
4263,FMN4
4264,TNNZ
4265,2H5F
4266,F3KM
4267,HHFQ
4268,97Z4
4269,MCKP
4270,N7Y2
4271,CZ7C
4272,53NF
4273,TPT7
4274,TMC3
4275,ZNA7
4276,9Q5Y
4277,MCYR
4278,3Z95
4279,2PT3
4280,95RZ
4281,C4HR
4282,TC29
4283,YNKC
4284,3A79
4285,TATT
4286,7N45
4287,ANA9
4288,KFZK
4289,QNHQ
4290,KNKM
4291,FHM3
4292,AC93
4293,ZHF3
4294,KHRH
4295,4NT5
4296,HART
4297,3NPF
4298,2RRF
4299,F5NR
4300,MQF9
4301,3RH4
4302,HN9P
4303,YMMF
4304,H7YF
4305,FF9K
4306,5M4Q
4307,FC9F
4308,FFYQ
4309,KMCC
4310,ZN32
4311,N7P4
4312,PRYQ
4313,YAQQ
4314,K74M
4315,MPHQ
4316,AZ5M
4317,PNR4
4318,RFFY
4319,AAY7
4320,ZF3C
4321,C74N
4322,P77R
4323,Q4Y5
4324,4AAF
4325,757A
4326,7CMA
4327,MT9Z
4328,Z9RN
4329,MKP7
4330,QAF7
4331,MFQA
4332,PYHM
4333,PZFH
4334,99Q5
4335,N7AA
4336,RQFN
4337,K9M2
4338,447Z
4339,Q57T
4340,Y247
4341,2AKC
4342,55ZY
4343,TC5Q
4344,ZQZT
4345,RY37
4346,4AAA
4347,2KT3
4348,FFZP
4349,QC2K
4350,3KTR
4351,NTZQ
4352,AHQ9
4353,FRPY
4354,RPCY
4355,RCKR
4356,5KHP
4357,732Q
4358,RF2K
4359,M4PN
4360,32AA
4361,53CQ
4362,3C4Z
4363,9YNT
4364,T723
4365,7KZ4
4366,54YC
4367,7Q2A
4368,YC34
4369,TFFP
4370,YY9T
4371,74RY
4372,9RF7
4373,KPA9
4374,PKPM
4375,N3ZA
4376,25Q2
4377,KR23
4378,CYPR
4379,92C2
4380,CC3Z
4381,7C5M
4382,QQ4C
4383,45HA
4384,23YR
4385,NNHZ
4386,Y2TT
4387,5ZYZ
4388,M955
4389,4H27
4390,5T73
4391,7QMZ
4392,NN2P
4393,95C5
4394,PNN9
4395,RAMH
4396,H449
4397,9TMA
4398,T7HR
4399,54A7
4400,Q3M9
4401,FCT7
4402,7939
4403,NPRM
4404,KFT3
4405,M3ZT
4406,9A4T
4407,5RT9
4408,KH45
4409,9T3A
4410,C5M9
4411,RYTN
4412,YCYM
4413,TPRA
4414,4MFM
4415,K7MP
4416,7H3Y
4417,HP4N
4418,7TP9
4419,9RRY
4420,FA2Z
4421,795K
4422,9QPK
4423,PKKT
4424,4R24
4425,ZRQK
4426,5KYY
4427,MHZH
4428,C5Y3
4429,3YYY
4430,PQQK
4431,NH37
4432,79F4
4433,QA9N
4434,P4ZY
4435,CNQN
4436,3Y42
4437,425F
4438,4HRC
4439,75H9
4440,R3Z2
4441,4NK7
4442,CH4A
4443,5PTZ
4444,CQ2A
4445,3C99
4446,ZZCH
4447,T9NK
4448,QH2C
4449,52Z3
4450,RY4P
4451,5ZAN
4452,TP79
4453,H7RR
4454,9HYT
4455,4ZYN
4456,PZFH
4457,TT4T
4458,TZZQ
4459,ARCT
4460,AKKF
4461,5Z3T
4462,29F7
4463,7MKH
4464,MN3A
4465,25H9
4466,ZT35
4467,TP5C
4468,RR3T
4469,4ZAZ
4470,PC7N
4471,2FCK
4472,ATMK
4473,959F
4474,RTY9
4475,YA7F
4476,4R2Q
4477,HK75
4478,KAF2
4479,72FR
4480,CKYY
4481,NP4M
4482,YY57
4483,5MZ2
4484,P4ZH
4485,QCRH
4486,YR73
4487,NPH4
4488,NZ5F
4489,KFFK
4490,429N
4491,NP2R
4492,F2TP
4493,CQ99
4494,MZ4A
4495,Z9FT
4496,F93K
4497,44TF
4498,5ZHT
4499,YAKA
4500,F9PK
4501,4R7R
4502,KNH5
4503,K7NP
4504,Z2AY
4505,Y4Z4
4506,HQNC
4507,QKCN
4508,92NK
4509,QZMQ
4510,AFQK
4511,MNFT
4512,YNA9
4513,KCY3
4514,ZTFK
4515,QPC4
4516,M7YM
4517,NYN5
4518,TMFH
4519,27NR
4520,7N7F
4521,3Y7C
4522,R294
4523,2K5R
4524,2THN
4525,TT33
4526,9Z2H
4527,2H3Q
4528,H59C
4529,YF9Z
4530,YAHP
4531,9549
4532,9RR4
4533,THZ5
4534,QNNR
4535,N34H
4536,T445
4537,KRCK
4538,7H3N
4539,4K72
4540,K7TF
4541,PCQK
4542,AP72
4543,CTAR
4544,RPFY
4545,T975
4546,9MMZ
4547,4HQQ
4548,4KCP
4549,YC9Q
4550,2YFA
4551,QTQN
4552,T4PN
4553,QTA2
4554,5ZT3
4555,Z95P
4556,FNKH
4557,CHKP
4558,MP3C
4559,27R7
4560,QHNF
4561,FQ5T
4562,P2ZQ
4563,95YN
4564,5RQ3
4565,ZHYT
4566,MPFN
4567,3NYC
4568,9AH7
4569,TQRP
4570,ZNRK
4571,74FF
4572,5HQZ
4573,57FT
4574,QKPZ
4575,2PZZ
4576,C4N9
4577,5HK2
4578,Q4PH
4579,52HN
4580,HMT7
4581,5CQP
4582,5F2K
4583,Z3T7
4584,CZFK
4585,4PFH
4586,74NF
4587,YAYN
4588,K3NF
4589,PMKF
4590,AR2Q
4591,M94Y
4592,5YHM
4593,5R7C
4594,7C5P
4595,Q3MH
4596,294R
4597,3YT4
4598,AZQM
4599,HCCR
4600,R4M3
4601,M74N
4602,MTZK
4603,RC2A
4604,P5N5
4605,3FKY
4606,QPRQ
4607,5KYH
4608,QFPP
4609,ZAAF
4610,Q99M
4611,4PAN
4612,CQQP
4613,P52T
4614,KQ3K
4615,TYM5
4616,Q2F7
4617,Y3Z7
4618,KZ2N
4619,5Z7R
4620,H4QP
4621,YA3Q
4622,TT2Q
4623,ZZRR
4624,RFR4
4625,YCRM
4626,KPRM
4627,AYN5
4628,T57C
4629,2ZFC
4630,44HN
4631,MRAR
4632,TYZ4
4633,7F5Y
4634,YAYY
4635,KMN5
4636,F2HZ
4637,KK44
4638,C22R
4639,4N53
4640,2QRT
4641,FAPY
4642,ZF93
4643,9Z5A
4644,39KP
4645,T4NC
4646,T35Z
4647,AHQ5
4648,T95M
4649,RNCA
4650,HM3Q
4651,QYPH
4652,5HFF
4653,9R3A
4654,FMRA
4655,P5TK
4656,5NYN
4657,PYHH
4658,4TAT
4659,TKZ3
4660,CZ72
4661,P9PC
4662,TARF
4663,3PRQ
4664,7ANY
4665,4PFP
4666,MY3Q
4667,ZNFY
4668,5FRK
4669,44Z5
4670,92A7
4671,35CC
4672,KKFK
4673,3NYZ
4674,9NNH
4675,52TA
4676,Y23R
4677,YH5Q
4678,FYQY
4679,FFAZ
4680,23H2
4681,C3Q5
4682,NNNK
4683,AT7H
4684,2KAM
4685,P5Z7
4686,QMMM
4687,H9YA
4688,PNMN
4689,TA35
4690,A94A
4691,ZMC9
4692,7PRP
4693,QTQZ
4694,ATRT
4695,2N4Y
4696,K7NY
4697,QQ7K
4698,Y4KN
4699,PFY2
4700,27Q5
4701,3M4Y
4702,TRZC
4703,ZFHH
4704,A5CQ
4705,7RFK
4706,C7HK
4707,5NR3
4708,3R3F
4709,HN23
4710,FFY9
4711,T9A3
4712,RH52
4713,ZT53
4714,ZHC2
4715,9HPC
4716,QM23
4717,RTQ2
4718,3TY5
4719,F37Z
4720,C9ZC
4721,ZNMK
4722,Y42Y
4723,KQY7
4724,Z9AP
4725,PYPR
4726,F4Z3
4727,P9NR
4728,R79N
4729,5RMH
4730,CA59
4731,AK2T
4732,K42A
4733,Y9Z9
4734,Q93C
4735,RYRR
4736,R2ZM
4737,Y35Y
4738,MFQM
4739,F9FN
4740,K2TZ
4741,C5MF
4742,K4QM
4743,92FK
4744,QN52
4745,3PYP
4746,95K7
4747,ZZ2H
4748,AY5R
4749,PMY4
4750,RR22
4751,9QAK
4752,Q2T9
4753,2ZPZ
4754,YA5A
4755,HZ22
4756,4H23
4757,TQY9
4758,Q7ZT
4759,YFKK
4760,3Y37
4761,2MTK
4762,Y49K
4763,RACK
4764,3T4R
4765,QR49
4766,QRTZ
4767,9Y4R
4768,MZ9K
4769,AH5N
4770,M4N4
4771,33HK
4772,33MZ
4773,R3F7
4774,QNHR
4775,PKTY
4776,T7YN
4777,FRPF
4778,KZQ7
4779,N52K
4780,MTNR
4781,3Y5T
4782,FTQF
4783,YMQH
4784,3522
4785,A3CQ
4786,FPPF
4787,H4ZN
4788,9Q4F
4789,AYRF
4790,4Q74
4791,MPAH
4792,N7NK
4793,APYN
4794,P7PF
4795,AQPP
4796,Z4Q9
4797,TQ9P
4798,YY77
4799,ZCC5
4800,Y5MN
4801,TFZ2
4802,5PAQ
4803,FTAA
4804,NNZA
4805,C3CT
4806,H334
4807,N94M
4808,QMQ3
4809,53F4
4810,H779
4811,25FQ
4812,PHRC
4813,TYQ2
4814,C3Q4
4815,MTCQ
4816,N5FM
4817,2AKY
4818,4YK5
4819,KM4M
4820,RPA3
4821,FPC4
4822,C3AZ
4823,FFTK
4824,ZH4Z
4825,PRHC
4826,R3A9
4827,9922
4828,Q3N2
4829,55QY
4830,PA2Y
4831,9M33
4832,4C7K
4833,TTH7
4834,N35T
4835,23A5
4836,T94F
4837,F4Q4
4838,RMCZ
4839,FK9Q
4840,T5RF
4841,9QTR
4842,TZR3
4843,H454
4844,RCTZ
4845,NFNN
4846,94ZP
4847,9YKQ
4848,3QYY
4849,ZAAR
4850,ZCRQ
4851,AP77
4852,AQHK
4853,929Q
4854,MK7Y
4855,PQQF
4856,P4NM
4857,MYF4
4858,N2F4
4859,3Z3K
4860,QNYQ
4861,RYMZ
4862,TKH5
4863,KT45
4864,QNZN
4865,P3CM
4866,YP5P
4867,KHYZ
4868,NN73
4869,Z3HK
4870,N4H2
4871,CQTF
4872,Z395
4873,574N
4874,343F
4875,RM3M
4876,H4NF
4877,M234
4878,QFRH
4879,TFQ3
4880,KZ49
4881,KQT7
4882,QY5T
4883,3MK9
4884,FYFR
4885,YZ2H
4886,34MT
4887,F47R
4888,CF2Q
4889,MK2A
4890,N5TP
4891,FRKR
4892,C7CT
4893,KA74
4894,KPA7
4895,THTR
4896,YAQ2
4897,TFNP
4898,PZ5Q
4899,Y47T
4900,K53Z
4901,ZKRM
4902,QMHA
4903,9FQA
4904,Y7P4
4905,NC2Q
4906,AMM9
4907,AKMQ
4908,5HCY
4909,2TP5
4910,RPPA
4911,295N
4912,Y7KN
4913,P77F
4914,FZ5C
4915,R5ZY
4916,CC4K
4917,QRC2
4918,FQM2
4919,YZ2C
4920,FMQ3
4921,324A
4922,CRQ9
4923,KZZZ
4924,R52A
4925,HFPF
4926,M9HQ
4927,9R53
4928,R7Q2
4929,NP93
4930,P34F
4931,99QM
4932,AMFP
4933,PRFK
4934,Q9C9
4935,CAAT
4936,TMAN
4937,T4PR
4938,RRCZ
4939,MN9Z
4940,FMMP
4941,9YYH
4942,QR3T
4943,MPRN
4944,K9P9
4945,QHHM
4946,YZ74
4947,YNYA
4948,T7K2
4949,RFF2
4950,A2CF
4951,RNKN
4952,T4QH
4953,KRYA
4954,A59F
4955,724R
4956,373C
4957,797P
4958,59AA
4959,4223
4960,7NYT
4961,3KP4
4962,QHRM
4963,PT75
4964,9RR3
4965,9Z2H
4966,QKZT
4967,KY5Z
4968,KCNC
4969,TNHF
4970,3PF9
4971,QT4C
4972,CCK2
4973,5NFY
4974,NP5N
4975,7RHY
4976,YAQF
4977,PKKT
4978,CT2N
4979,FCP3
4980,Y2NT
4981,29YN
4982,7TK2
4983,HKYA
4984,AKMT
4985,4HYZ
4986,YKCZ
4987,CP4M
4988,CKPP
4989,PRY7
4990,YMNY
4991,3KP3
4992,T43Z
4993,C9KZ
4994,N3TF
4995,93TY
4996,ZT27
4997,355F
4998,HF44
4999,A4KK
5000,QZMA
